<?xml version="1.0" encoding="iso-8859-1" ?>
<savegame>
	<item description="Constant" id="1"> <!-- If memoryOffsetStart is blank then we use Value field -->
		<memoryOffsetStart>
		</memoryOffsetStart>

		<memoryOffsetEnd>
		</memoryOffsetEnd>

		<fileOffsetStart>
			0
		</fileOffsetStart>
		<fileOffsetEnd>
			0
		</fileOffsetEnd>
		<numOfBytes><!-- This is the size of an individual value i.e. an individual inventory item in the inventory array -->
			1
		</numOfBytes>
		<fixedValue>
			03
		</fixedValue>
	</item>
	<item description="FileName" id="2"> <!-- We're going to need to special case this as this finishes at the end of filename -->
		<memoryOffsetStart>
			1CB34
		</memoryOffsetStart>
		<memoryOffsetEnd><!-- Can we fix this, as we're using a special filename anyway? -->
		</memoryOffsetEnd>

		<fileOffsetStart>
			01
		</fileOffsetStart>
		<fileOffsetEnd>
			NULL
		</fileOffsetEnd>
		<numOfBytes> <!-- Unknown, we keep reading until null -->
			00
		</numOfBytes>
		<fixedValue>
		</fixedValue>
	</item>

	<item description="Constant" id="3"> <!-- If memoryOffsetStart is blank then we use Value field | if value field not null use value else..-->
		<memoryOffsetStart>
		</memoryOffsetStart>

		<memoryOffsetEnd>
		</memoryOffsetEnd>

		<fileOffsetStart>
			0
		</fileOffsetStart>
		<fileOffsetEnd>
			0
		</fileOffsetEnd>
		<numOfBytes>
			1
		</numOfBytes>
		<fixedValue>
			FF
		</fixedValue>
	</item>
	<item description="Inventory" id="4">
		<memoryOffsetStart>
			10D73
		</memoryOffsetStart>
		<memoryOffsetEnd>
			10D8E
		</memoryOffsetEnd>
		<fileOffsetStart>
			01
		</fileOffsetStart>
		<fileOffsetEnd>
			1C
		</fileOffsetEnd>
		<numOfBytes>
			1
		</numOfBytes>
		<fixedValue>
		</fixedValue>
	</item>
	<item description="Quest" id="5">
		<memoryOffsetStart>
			10D8F
		</memoryOffsetStart>
		<memoryOffsetEnd>
			10E11
		</memoryOffsetEnd>
		<fileOffsetStart>
			1D
		</fileOffsetStart>
		<fileOffsetEnd>
			9F
		</fileOffsetEnd>
		<numOfBytes>
			1
		</numOfBytes>
		<fixedValue>
		</fixedValue>
	</item>
	<item description="Constant" id="6"> <!-- If memoryOffsetStart is blank then we use Value field -->
		<memoryOffsetStart>
		</memoryOffsetStart>

		<memoryOffsetEnd>
		</memoryOffsetEnd>

		<fileOffsetStart>
			A0
		</fileOffsetStart>
		<fileOffsetEnd>
			C8
		</fileOffsetEnd>
		<numOfBytes>
			1
		</numOfBytes>
		<fixedValue>
			00
		</fixedValue>
	</item>
	<item description="Movie" id="7">
		<memoryOffsetStart>
			10E3B
		</memoryOffsetStart>
		<memoryOffsetEnd>
			10E4E
		</memoryOffsetEnd>
		<fileOffsetStart>
			C9
		</fileOffsetStart>
		<fileOffsetEnd>
			DC
		</fileOffsetEnd>
		<numOfBytes>
			1
		</numOfBytes>
		<fixedValue>
		</fixedValue>
	</item>
	<item description="Constant" id="8"> <!-- If memoryOffsetStart is blank then we use Value field -->
		<memoryOffsetStart>
		</memoryOffsetStart>
		<memoryOffsetEnd>
		</memoryOffsetEnd>
		<fileOffsetStart>
			DD
		</fileOffsetStart>
		<fileOffsetEnd>
			FF
		</fileOffsetEnd>
		<numOfBytes>
			1
		</numOfBytes>
		<fixedValue>
			00
		</fixedValue>
	</item>
	<item description="AreaCode" id="9">
		<memoryOffsetStart>
			E10
		</memoryOffsetStart>
		<memoryOffsetEnd>
			E10
		</memoryOffsetEnd>
		<fileOffsetStart>
			100
		</fileOffsetStart>
		<fileOffsetEnd>
			100
		</fileOffsetEnd>
		<numOfBytes>
			1
		</numOfBytes>
		<fixedValue>
		</fixedValue>
	</item>
	<item description="Chapter" id="10">
		<memoryOffsetStart>
			E28
		</memoryOffsetStart>
		<memoryOffsetEnd>
			E28
		</memoryOffsetEnd>
		<fileOffsetStart>
			101
		</fileOffsetStart>
		<fileOffsetEnd>
			101
		</fileOffsetEnd>
		<numOfBytes>
			1
		</numOfBytes>
		<fixedValue>
		</fixedValue>
	</item>
	<item description="Behaviour" id="11">
		<memoryOffsetStart>
			E08
		</memoryOffsetStart>
		<memoryOffsetEnd>
			E08
		</memoryOffsetEnd>
		<fileOffsetStart>
			102
		</fileOffsetStart>
		<fileOffsetEnd>
			102
		</fileOffsetEnd>
		<numOfBytes>
			1
		</numOfBytes>
		<fixedValue>
		</fixedValue>
	</item>
	<item description="Health" id="12">
		<memoryOffsetStart>
			D554
		</memoryOffsetStart>
		<memoryOffsetEnd>
			D554
		</memoryOffsetEnd>
		<fileOffsetStart>
			103
		</fileOffsetStart>
		<fileOffsetEnd>
			103
		</fileOffsetEnd>
		<numOfBytes>
			1
		</numOfBytes>
		<fixedValue>
		</fixedValue>
	</item>
	<item description="Kashers" id="13">
		<memoryOffsetStart>
			E24
		</memoryOffsetStart>
		<memoryOffsetEnd>
			E25
		</memoryOffsetEnd>
		<fileOffsetStart>
			104
		</fileOffsetStart>
		<fileOffsetEnd>
			105
		</fileOffsetEnd>
		<numOfBytes>
			1	
		</numOfBytes>
		<fixedValue>
		</fixedValue>
	</item>
	<item description="Magic Level" id="14">
		<memoryOffsetStart>
			E20
		</memoryOffsetStart>
		<memoryOffsetEnd>
			E20
		</memoryOffsetEnd>
		<fileOffsetStart>
			106
		</fileOffsetStart>
		<fileOffsetEnd>
			106
		</fileOffsetEnd>
		<numOfBytes>
			1
		</numOfBytes>
		<fixedValue>
		</fixedValue>
	</item>
	<item description="Magic Points" id="15">
		<memoryOffsetStart>
			E22
		</memoryOffsetStart>
		<memoryOffsetEnd>
			E22
		</memoryOffsetEnd>
		<fileOffsetStart>
			107
		</fileOffsetStart>
		<fileOffsetEnd>
			107
		</fileOffsetEnd>
		<numOfBytes>
			1
		</numOfBytes>
		<fixedValue>
		</fixedValue>
	</item>
	<item description="Clover Boxes" id="16">
		<memoryOffsetStart>
			E2C
		</memoryOffsetStart>
		<memoryOffsetEnd>
			E2C
		</memoryOffsetEnd>
		<fileOffsetStart>
			108
		</fileOffsetStart>
		<fileOffsetEnd>
			108
		</fileOffsetEnd>
		<numOfBytes>
			1
		</numOfBytes>
		<fixedValue>
		</fixedValue>
	</item>
	<item description="XPos" id="17">
		<memoryOffsetStart>
			D506
		</memoryOffsetStart>
		<memoryOffsetEnd>
			D507
		</memoryOffsetEnd>
		<fileOffsetStart>
			109
		</fileOffsetStart>
		<fileOffsetEnd>
			10A
		</fileOffsetEnd>
		<numOfBytes>
			1
		</numOfBytes>
		<fixedValue>
		</fixedValue>
	</item>
	<item description="ZPos" id="18">
		<memoryOffsetStart>
			D508
		</memoryOffsetStart>
		<memoryOffsetEnd>
			D509
		</memoryOffsetEnd>
		<fileOffsetStart>
			10B
		</fileOffsetStart>
		<fileOffsetEnd>
			10C
		</fileOffsetEnd>
		<numOfBytes>
			1
		</numOfBytes>
		<fixedValue>
		</fixedValue>
	</item>
	<item description="YPos" id="19">
		<memoryOffsetStart>
			D50A
		</memoryOffsetStart>
		<memoryOffsetEnd>
			D50b
		</memoryOffsetEnd>
		<fileOffsetStart>
			10D
		</fileOffsetStart>
		<fileOffsetEnd>
			10E
		</fileOffsetEnd>
		<numOfBytes>
			1
		</numOfBytes>
		<fixedValue>
		</fixedValue>
	</item>
	<item description="Angle Facing" id="20">
		<memoryOffsetStart>
			D51E
		</memoryOffsetStart>
		<memoryOffsetEnd>
			D51F
		</memoryOffsetEnd>
		<fileOffsetStart>
			10F
		</fileOffsetStart>
		<fileOffsetEnd>
			110
		</fileOffsetEnd>
		<numOfBytes>
			1
		</numOfBytes>
		<fixedValue>
		</fixedValue>
	</item>
	<item description="Outfit" id="21">
		<memoryOffsetStart>
			D4EC
		</memoryOffsetStart>
		<memoryOffsetEnd>
			D4EC
		</memoryOffsetEnd>
		<fileOffsetStart>
			111
		</fileOffsetStart>
		<fileOffsetEnd>
			111
		</fileOffsetEnd>
		<numOfBytes>
			1
		</numOfBytes>
		<fixedValue>
		</fixedValue>
	</item>
	<item description="Constant" id="22"> <!-- If memoryOffsetStart is blank then we use Value field -->
		<memoryOffsetStart>
		</memoryOffsetStart>
		<memoryOffsetEnd>
		</memoryOffsetEnd>
		<fileOffsetStart>
			112
		</fileOffsetStart>
		<fileOffsetEnd>
			112
		</fileOffsetEnd>
		<numOfBytes>
			1
		</numOfBytes>
		<fixedValue>
			96
		</fixedValue>
	</item>
	<item description="Holomap" id="23">
		<memoryOffsetStart>
			CA00
		</memoryOffsetStart>
		<memoryOffsetEnd>
			CA76
		</memoryOffsetEnd>
		<fileOffsetStart>
			113
		</fileOffsetStart>
		<fileOffsetEnd>
			189
		</fileOffsetEnd>
		<numOfBytes>
			1
		</numOfBytes>
		<fixedValue>
		</fixedValue>
	</item>
	<item description="Constant" id="24"> <!-- If memoryOffsetStart is blank then we use Value field -->
		<memoryOffsetStart>
		</memoryOffsetStart>
		<memoryOffsetEnd>
		</memoryOffsetEnd>
		<fileOffsetStart>
			18A
		</fileOffsetStart>
		<fileOffsetEnd>
			1A8
		</fileOffsetEnd>
		<numOfBytes>
			1
		</numOfBytes>
		<fixedValue>
			00
		</fixedValue>
	</item>
	<item description="Gas" id="25">
		<memoryOffsetStart>
			E30
		</memoryOffsetStart>
		<memoryOffsetEnd>
			E30
		</memoryOffsetEnd>
		<fileOffsetStart>
			1A9
		</fileOffsetStart>
		<fileOffsetEnd>
			1A9
		</fileOffsetEnd>
		<numOfBytes>
			1
		</numOfBytes>
		<fixedValue>
		</fixedValue>
	</item>
	<item description="Constant" id="26"> <!-- If memoryOffsetStart is blank then we use Value field -->
		<memoryOffsetStart>
		</memoryOffsetStart>
		<memoryOffsetEnd>
		</memoryOffsetEnd>
		<fileOffsetStart>
			1AA
		</fileOffsetStart>
		<fileOffsetEnd>
			1AA
		</fileOffsetEnd>
		<numOfBytes>
			1
		</numOfBytes>
		<fixedValue>
			1C
		</fixedValue>
	</item>
	<item description="Used Inventory" id="27">
		<memoryOffsetStart>
			10D4E
		</memoryOffsetStart>
		<memoryOffsetEnd>
			10D69
		</memoryOffsetEnd>
		<fileOffsetStart>
			1AB
		</fileOffsetStart>
		<fileOffsetEnd>
			1C6
		</fileOffsetEnd>
		<numOfBytes>
			1
		</numOfBytes>
		<fixedValue>
		</fixedValue>
	</item>
	<item description="Clover Leaves" id="28">
		<memoryOffsetStart>
			E2A
		</memoryOffsetStart>
		<memoryOffsetEnd>
			E2A
		</memoryOffsetEnd>
		<fileOffsetStart>
			1C7
		</fileOffsetStart>
		<fileOffsetEnd>
			1C7
		</fileOffsetEnd>
		<numOfBytes>
			1
		</numOfBytes>
		<fixedValue>
		</fixedValue>
	</item>
	<item description="Selected Weapon" id="29">
		<memoryOffsetStart>
			E06
		</memoryOffsetStart>
		<memoryOffsetEnd>
			E06
		</memoryOffsetEnd>
		<fileOffsetStart>
			1C8
		</fileOffsetStart>
		<fileOffsetEnd>
			1C8
		</fileOffsetEnd>
		<numOfBytes>
			1
		</numOfBytes>
		<fixedValue>
		</fixedValue>
	</item>
	<item description="Constant" id="30"> <!-- If memoryOffsetStart is blank then we use Value field -->
		<memoryOffsetStart>
		</memoryOffsetStart>
		<memoryOffsetEnd>
		</memoryOffsetEnd>
		<fileOffsetStart>
			1C9
		</fileOffsetStart>
		<fileOffsetEnd>
			1C9
		</fileOffsetEnd>
		<numOfBytes>
			1
		</numOfBytes>
		<fixedValue>
			0
		</fixedValue>
	</item>
</savegame>